first_name,last_name,password,email
Jane,Doe,somepassword,jane.doe@example.com
Nishi,Pancholi,nishi,pancholi.n@northeastern.edu
Shikha,Singh,shikha,singh.shikha@northeastern.edu
Aditya,Sawant,aditya,sawant.adit@northeastern.edu
Rishab,Agarwal,rishab,agarwal.risha@northeastern.edu
Souvik,Dinda,souvik,dinda.s@northeastern.edu
Nagendra,Shakamuri,nagendra,shakamuri.n@northeastern.edu
Raushan,Jha,raushan,jha.rau@northeastern.edu
Sai,Dogiparthi,sai,dogiparthi.sai@northeastern.edu
